,CAGR,Annualized Volatility,Sharpe Ratio,Sortino Ratio,Max Drawdown,Calmar Ratio,Best Year,Worst Year,Average Yearly Return,Number of Trades,Average Trades per Year,Average Annual Turnover,Final Portfolio Value,BeatsQQQ
50% QQQ-Floor Trend Ensemble,0.18533654999179028,0.17921330567749763,1.0389662105776287,1.3411670737081836,-0.25524349610113295,0.7261166408657714,0.4431250672070721,-0.23364589436008665,0.1778168196167802,125.0,11.895770392749245,5.234138972809668,596930.3278965225,True
QQQ Buy & Hold,0.20062735697675027,0.22226837083149484,0.9342898990137687,1.1921768965263164,-0.3511871971603241,0.5712832318461764,0.5485557706092528,-0.32577005327671094,0.19917385612577146,1.0,0.09516616314199396,0.09516616314199396,682993.686697922,True
VOO Buy & Hold,0.14787423036672465,0.1791863120098337,0.859756265533063,1.0360683782035027,-0.33993021786744937,0.4350134898109763,0.3136503877378032,-0.18174030064645075,0.13849975321573268,1.0,0.09516616314199396,0.09516616314199396,425956.8101361609,True
Dynamic Top7 Diversified Leadership,0.1505397644617943,0.1848180639783451,0.8516961449624028,1.0485136577658893,-0.33527933091325035,0.44899804605236676,0.36701081156140747,-0.16893664238378536,0.14107441089232375,108.0,10.277945619335348,6.431086308490074,436466.0763761492,True
Dynamic Top7 Equal Weight,0.16311723556085145,0.21220260979176914,0.8183003284814919,1.0563861303432263,-0.3316547113217788,0.4918284890655193,0.522081211504031,-0.277635662204865,0.15967250401034117,45.0,4.282477341389728,1.3459214501510575,489291.2849475266,True
Dynamic Top15 Risk-Managed Top 3,0.17085695579111526,0.22918931018035826,0.8030297189476242,1.0426559052324156,-0.31373951697801206,0.5445821981140154,0.4666243532622978,-0.2005489799931739,0.16039952711539043,111.0,10.56344410876133,9.962934932578998,524606.9075868394,True
Dynamic Top7 Risk-Managed Top 3,0.15849490529737764,0.21346395593469542,0.7963617131432315,1.0104170642591037,-0.333135544669514,0.4757670198615761,0.4103111977686418,-0.1684105396378326,0.150150549147127,108.0,10.277945619335348,8.624821591692923,469240.4501534533,True
Dynamic Top7 Composite Top 3,0.17248762767468317,0.24104235107607344,0.7809390350980222,1.0218041380605491,-0.3311845642215645,0.5208202504247387,0.40356458343332324,-0.1109994468389085,0.1591666945928166,79.0,7.518126888217522,5.995468277945619,532335.3407528468,True
