,CAGR,Annualized Volatility,Sharpe Ratio,Sortino Ratio,Max Drawdown,Calmar Ratio,Best Year,Worst Year,Average Yearly Return,Number of Trades,Average Trades per Year,Average Annual Turnover,Final Portfolio Value
Mag7 Risk-Managed Top 3,0.3355777530551092,0.26235825479774916,1.2351184439818927,1.6050921566194043,-0.3480371131045751,0.964201059081529,1.1585023636936889,-0.18640050886352366,0.3609493345905644,106.0,10.172124904798173,8.10353538730324,2039635.711250075
Mag7 Composite Top 3,0.4382526578481476,0.34607779489776436,1.223909745267866,1.6886210404716184,-0.5380286597410904,0.8145526263583117,2.055294010843272,-0.47522444534447095,0.5496993427538455,57.0,5.46991622239147,3.998476770753998,4413090.59706289
Mag7 Diversified Leadership,0.2570052757096346,0.21072056888582805,1.191833824354541,1.4890264508247812,-0.3423690133325892,0.7506674544169999,0.6791787565610745,-0.1792216661367867,0.26573280087750367,106.0,10.172124904798173,6.435921689350717,1084315.4796751025
Mag7 Equal Weight,0.34989964695054,0.2869699026608072,1.1898409575450302,1.5854390455189966,-0.49377638850811856,0.7086196405780286,1.1608172224505235,-0.45556431060728875,0.4117285799698124,1.0,0.09596344249809596,0.09596344249809594,2279419.146213026
50% QQQ-Floor Trend Ensemble,0.18885810429060634,0.1790548867381057,1.056306979026416,1.3607445060073133,-0.25524358698011895,0.7399132198581608,0.44312520464402416,-0.23364593714801096,0.1954302801352451,125.0,11.995430312261995,5.277989337395278,606600.1839872258
QQQ Buy & Hold,0.20432369048648158,0.22246520530956046,0.9474889408429344,1.2068091549001834,-0.35118725910781845,0.5818083805362424,0.548555823347219,-0.3257700276177822,0.21872815988439687,1.0,0.09596344249809596,0.09596344249809596,694057.9245514151
VOO Buy & Hold,0.15113615722973184,0.17917683180280347,0.8756401580154167,1.052025723211499,-0.33992987958057874,0.44460980428143193,0.3136501923367818,-0.18174053705360538,0.15266787666136836,1.0,0.09596344249809596,0.09596344249809596,433489.8928528686
